Nombre,Asignatura,Nota_1,Peso_1,Nota_2,Peso_2,Nota_3,Peso_3,Promedio_Final
Lucas Rodriguez,Programacion Basica,7.0,0.4,6.8,0.6,,,6.880000000000001
Sebastian Villa,Programacion Basica,4.3,0.4,4.0,0.6,,,4.12
Martin Molina,Programacion Basica,5.7,0.4,6.5,0.6,,,6.18
Natalia Sanchez,Programacion Basica,4.6,0.4,7.0,0.6,,,6.04
Catalina Allende,Programacion Basica,6.4,0.4,6.6,0.6,,,6.52
Francisco Calfun,Programacion Basica,7.0,0.4,7.0,0.6,,,7.0
Josseline Vargas,Arquitectura De Computadores,5.9,0.4,1.0,0.6,,,2.9600000000000004
Jorge Mellado,Programacion Basica,6.7,0.4,5.5,0.6,,,5.98
Sarah Ficher,Filosofia Ii,6.0,0.4,5.5,0.6,,,5.7
